INSERT INTO users (id, name, age) VALUES 
(1, "Adao", 30),
(2, "Bet", 30),
(3, "Tommy", 30),
(4, "Kaio", 30),
(5, "Marcos", 30),
(6, "Joao", 30),
(7, "Kleber", 30),
(8, "Sarah", 30),
(9, "Michael", 30),
(10, "Larissa", 30),
(11, "Carol", 30),
(12, "Bruna", 30),
(13, "Ed", 30),
(14, "Yan", 30),
(15, "Bob", 30),
(16, "Michele", 30),
(17, "Anna", 30),
(18, "Monica", 30),
(19, "Fatima", 30),
(20, "Thor", 30);

INSERT INTO projects (id, title, category, funding_goal, start_date, end_date) VALUES 
(1, "Ruby", "Learn", 10000, "2014-01-02", "2013-01-30"),
(2, "JS", "Learn - fast", 20000, "2014-03-01", "2013-02-30"),
(3, "Phyton", "Learn - fast", 30000, "2015-01-01", "2013-03-30"),
(4, "C", "Learn or not", 4000, "2014-01-05", "2013-04-30"),
(5, "ForTran", "Learn or not", 5000, "2019-01-01", "2013-04-30"),
(6, "MatLab", "Learn good", 1000, "2014-04-01", "2013-06-30"),
(7, "Rails", "Learn good", 16600, "2010-01-01", "2013-07-30"),
(8, "React", "Learn sure", 1000, "2013-01-01", "2013-07-30"),
(9, "C++", "Learn sure", 10000, "2012-01-01", "2013-09-30"),
(10, "Vanila", "Learn", 10000, "2011-01-01", "2013-10-30");

INSERT INTO pledges (id, amount, user_id, project_id) VALUES
(1, 10.00, 1, 2),
(2, 20.00, 1, 3),
(3, 40.00, 1, 4),
(4, 50.00, 2, 3),
(5, 10.00, 3, 2),
(6, 20.00, 4, 4),
(7, 40.00, 5, 10),
(8, 60.00, 6, 10),
(9, 50.00, 7, 9),
(10, 700.00, 8, 8),
(11, 1000.00, 8, 7),
(12, 40.00, 9, 6),
(13, 50.00, 9, 3),
(14, 50.00, 10, 4),
(15, 24.00, 12, 1),
(16, 34.00, 11, 1),
(17, 12.00, 13, 6),
(18, 19.00, 14, 5),
(19, 20.00, 15, 5),
(20, 40.00, 16, 6),
(21, 35.50, 17, 7),
(22, 40.00, 18, 8),
(23, 60.00, 19, 9),
(24, 70.00, 20, 10),
(25, 100.00, 20, 4),
(26, 40.00, 19, 1),
(27, 20.00, 18, 6),
(28, 90.00, 17, 9),
(29, 230.00, 16, 6),
(30, 450.00, 15, 5);